full_text,label
Presiden Prabowo Subianto tiba di Pangkalan Militer Angkatan Udara Grupo 8 Alar Bandara Internasional Jorge Chavez Lima Peru Rabu (13/11/2024) sekitar pukul 22.35 waktu setempat. https://t.co/igrMRnwuFJ https://t.co/f6uEiWGs91,neutral
@sedaryut73015 @DokterTifa @prabowo Saya rasa berlebihan jika menyerang individu dg kata atau candaan yg keterlaluan,neutral
DPR Minta Tiga Lembaga Penegak Hukum Jalankan Instruksi Presiden https://t.co/jSwntGKNeL,positive
@jmelive @BANGSAygSUJUD @prabowo @99propaganda @adri_zizie @AlmaghribiS @EricRicaldo @are_inismyname @florieliciouss @Ndons_Back @tonybulumanu @Lembayung071 @Kimberley_PS08 Dunia antah berantah https://t.co/a8J8qJwTTc,neutral
@alvinlie21 baru kali ini ada wakil presiden sibuk kampanye setelah di lantik.,negative
perut ku sakit bgt by butuh perbaikan gizi mau honu sama boost by @prabowo,neutral
Presiden Prabowo berkomitmen penuh untuk memberantas narkoba hingga ke akarnya #IndonesiaEmas #PrabowoSubianto #PresidenPrabowo #BerantasNarkoba #IndonesiaMaju https://t.co/4xzkxIWzR7,positive
Mungkin maksudnya Lewat komunikasi keluarga diminta membantu mencarikan pekerjaan lewat jalur orang dalam. Kayak Wakil Presiden contohnya?,negative
Aku juga mau by @prabowo tapi tambah nasi padang ya lauknya aja gapapa kok hehe trims,neutral
@CNNIndonesia Pantes utang sampi 6000 triliun gegara presiden suka utang agar terlihat sukses membangun negeri ini.,negative
@gintam22 @LexWu_13 @prabowo Percuma juga pejabat2 yg jadi anjhing nya si ivan itu kgk bakal diusut,negative
@JhonSitorus_18 @adianradiatus Kalau ini gimana su? Presiden apa Ketua Partai koq kampanye buat dirinya sendiri https://t.co/z0RbJMzuZG,negative
@klisedai @prabowo Mau hokben ndut,neutral
@alvinlie21 Kalo pak @prabowo sampe sowan lagi ke jokowi sih bukan matahari kembar. Jokowi matahari prabowo bulan,neutral
@LexWu_13 @PolrestabesSby @prabowo @ListyoSigitP Itu ruangan simbiosis mutualisme.,neutral
Mensesneg Beberkan Program Lapor Mas Wapres Inisiatif Gibran Bukan Arahan Presiden Prabowo - Riaunews https://t.co/niOXYrJJss,neutral
@tempodotco Kelakuan presiden sebelumnya siapa hayo ? di buat acuan presiden sekarang dan kedepan jangan ikut campur biarkan putra putri bangsa menunjukkan kwalitasnya di depan rakyat calon2 bupati walikota gubernur kompetisi secara sehat biar tidak menja,positive
@LexWu_13 @prabowo momentum pas ini narkoba judol mau di bumi hanguskan. kalo nyerempet ya makin seru. cepat atau lambat pak @prabowo akan tau,negative
Prabowo berkomitmen jaga ketahanan energi nasional dengan teknologi dan energi ramah lingkungan #IndonesiaEmas #IndonesiaMaju #KetahananEnergi #SwasembadaEnergi #PresidenPrabowo #DukungPrabowo #ProgramPresiden https://t.co/ARI1vWibZI,positive
@adri_zizie @prabowo @gibran_tweet @jokowi Memang Prabowo lebih bagus dr Jokowi bahasa inggris nya memang Gibran spt itu layaknya,positive
Peningkatan lifting minyak dan bahan bakar nabati strategi Prabowo untuk energi berkelanjutan #IndonesiaEmas #IndonesiaMaju #KetahananEnergi #SwasembadaEnergi #PresidenPrabowo #DukungPrabowo #ProgramPresiden https://t.co/Wz9pnnetQm,positive
2. Bayangjan Wakil presiden Ma'ruf Amin diam ketika kampungnya mau digusur. Sawah tambak kampungnya Ma'ruf Amin itu ditawar hanya Rp30.000 per meter. Kampung wakil presiden tidak kuasa melawan oligarki. #AdiliJokoWidodo #AdiliJokoWidodo https://t.co/yitwEN8utA,negative
Langkah konkret Prabowo: konversi kendaraan dan bahan bakar nabati demi ketahanan energi Indonesia #IndonesiaEmas #IndonesiaMaju #KetahananEnergi #SwasembadaEnergi #PresidenPrabowo #DukungPrabowo #ProgramPresiden https://t.co/4Zj9PWZ7Ga,positive
@N0vemberia @RitaHanZa @54h4b4tl4m4 @anaksaayana @bukan__siapa2 @dadyabo @DeynaWolfQueen @DestaMega27 @heru1021 @KheyL4_8 @malagreta https://t.co/PjZAlAwrx1,neutral
@Minietweets_ @prabowo @gibran_tweet @0ctoberR1 @abby6mei @mimih6mei @BANGSAygSUJUD @mas_veel @gtobing2903 @99propaganda @adri_zizie @tham878 @KEBUMENinLOVE Semua orang juga tahu korupsi itu jahat &amp,neutral
Presiden Prabowo siapkan masa depan energi Indonesia melalui inovasi konversi kendaraan dan energi terbarukan #IndonesiaEmas #IndonesiaMaju #KetahananEnergi #SwasembadaEnergi #PresidenPrabowo #DukungPrabowo #ProgramPresiden https://t.co/3A4t2lZWVC,positive
Dengan strategi lifting minyak dan bahan bakar nabati Prabowo bertekad wujudkan ketahanan energi #IndonesiaEmas #IndonesiaMaju #KetahananEnergi #SwasembadaEnergi #PresidenPrabowo #DukungPrabowo #ProgramPresiden https://t.co/ukaVmsocHg,positive
@msaid_didu masih centang siji Pak https://t.co/2PgAatgKHW,neutral
@Mdy_Asmara1701 Respect pak Presiden Direspect sama wapres,neutral
@angun_1892 @LexWu_13 @PolrestabesSby @prabowo @ListyoSigitP @prabowo,neutral
@vanc1Bozz @jokowi @prabowo getah busuk kok diberlanjutkan bukannya manis hasilnya yg ada malah belepotan getah busuk sepenjuru negeri ini naudzubillahi min dzalik.,negative
Smoga pak @prabowo tetap menjadi macan asia bahkan dunia...,positive
Bersama Prabowo mari dukung pemberantasan korupsi untuk masa depan bangsa yang lebih transparan #PemberantasanKorupsi #BerantasKorupsi #PrabowoBerantasKorupsi #AstaCita https://t.co/DsUca7N00U,positive
@angun_1892 @LexWu_13 @PolrestabesSby @prabowo @ListyoSigitP @ListyoSigitP @ahriesonta,neutral
@UmarSyadatHsb__ Kemana Harga diri presiden,neutral
Presiden Prabowo Akan Mewujudkan Swasembada Pangan dengan Peningkatan Produktivitas Pertanian #TerimaKasihPresidenPrabowo #PresidenPrabowo #VisiPresidenPrabowo #IndonesiaTanpaImpor #KetahananPangan #SwasembadaPangan https://t.co/CnmrOosmox,positive
@Gank_Of_Petojo Mungkin ada satu anak hebat saat SD bisa coding tapi jangan semua anak disamaratakan se wow itu Sperti juga Tak semua lulusan esempeh bisa jadi wapres seperti dia kan? Itu butuh kondisi tertentu Seperti : anak lulusan esempeh itu punya bap,neutral
@KemensetnegRI #PresidenRI #Prabowo #PresidenPrabowoSubianto #SjafrieSjamsoeddin #MenhanRI #WamenhanRI #KemensetnegRI #KabinetMerahPutih #Kemhan #ATRBPNMajudanModern #KemhanRI,neutral
Semangat Prabowo dalam pemberantasan korupsi menginspirasi dukungan masyarakat untuk Indonesia yang lebih baik #PemberantasanKorupsi #BerantasKorupsi #PrabowoBerantasKorupsi #AstaCita https://t.co/AD78OOMfdr,positive
Adapun rakor ini bertujuan untuk memberantas mafia tanah yang menjadi perhatian serius Presiden RI Prabowo Subianto @prabowo. Saya berharap agar ke depannya kita dapat mengetahui hambatan dan kendala dalam penanganan Tindak Pidana Pertanahan,positive
@ILCTalkshow masih centang siji Pak Karny https://t.co/2PgAatgKHW,neutral
@tempodotco Sebagai Presiden utk Rakyat Indonesia seharusnya @prabowo mendukung semua calon kepala daerah yang ikut berkompetisi di ajang Pilkada 2024. Yang pada akhirnya nanti Prabowo juga mendukung siapa pun yg menang di Pilkada 2024 ...,neutral
@JhonSitorus_18 Batak yang satu ini memang perlu diajar supaya cerdas kalau ini statusnya apa? Presiden koq kampanye buat dirinya berarti gak ada Presiden kalau gitu ya... Lupa atau Kalau PDIP gak masalah? Dasar Kurdul kao https://t.co/zJoK0zp8Gs,negative
Dalam rangka mewujudkan produktivitas pertanian Presiden Prabowo Subianto senantiasa menempuh berbagai langkah strategis seperti memperluas lahan pertanian #TerimaKasihPresidenPrabowo #PresidenPrabowo #VisiPresidenPrabowo #IndonesiaTanpaImpor #KetahananPangan #SwasembadaPangan https://t.co/hOCyAqM4EP,positive
@BANGSAygSUJUD @prabowo @99propaganda @adri_zizie @AlmaghribiS @EricRicaldo @are_inismyname @florieliciouss @Ndons_Back @tonybulumanu @Lembayung071 @Kimberley_PS08 Sampe ngemis ke cina https://t.co/xhqIC23hRH,neutral
@LexWu_13 @PolrestabesSby @prabowo @ListyoSigitP Gila ada botol Azul,neutral
@edjoy12 @LexWu_13 @prabowo Karena mereka keseringan diperes sm pribumi yg biasanya begitu liat ada backingan nyali mereka ciut!,negative
Dalam rangka mewujudkan produktivitas pertanian Presiden Prabowo Subianto senantiasa menempuh berbagai langkah strategis seperti memperluas lahan pertanian #TerimaKasihPresidenPrabowo #PresidenPrabowo #VisiPresidenPrabowo #IndonesiaTanpaImpor #KetahananPangan #SwasembadaPangan https://t.co/ZJ6wiD9zpv,positive
Turki telah memutuskan semua hubungan dengan Israel kata Presiden Recep Tayyip Erdogan setelah kunjungan ke Arab Saudi dan Azerbaijan. https://t.co/b6z8ZpQ5co https://t.co/AF3ObHttQq,neutral
@petercumicumi @LexWu_13 @prabowo @Gerindra @ListyoSigitP @ahriesonta @gibran_tweet Setujuuu,neutral
Presiden Prabowo bertekad memberantas korupsi hingga ke akar-akarnya demi Indonesia yang bersih #PemberantasanKorupsi #BerantasKorupsi #PrabowoBerantasKorupsi #AstaCita https://t.co/Hj84ZnUTj2,positive
@Rocky_Antonie Aku follow kamu....Ndasmu Kuwi.... Dengerin goblooook.... Kau yg gak level aku kau buzzer gobloook... Tdk sekalipun kamu menyanggah reply aku itu pertanda kau stunting otak.... Kader Gerindra yg menyatakan Prabowo tdk terlibat.... https://t,neutral
@DokterTifa Tp sepertinya gerakan pak prabowo lambat dan bnyk memberi ruang mulyono apalagi fufufafa utk bebas brgerak mencitrakan diri. Bisa jd boomerang utk pak prabowo dan tersadar ketika semua sudah terlambat,negative
Raffi Ahmad Jadi Utusan Khusus Presiden Nagita Slavina Disebut KPK Boleh Terima Endorse https://t.co/bG9aYeAYPK,neutral
@LexWu_13 prabowo liat tulisan jaman belanda yang ngaggap rakyat seperti anjing aja sampai sekarang masih ingat apalagi ini ada kasus murid di suruh menggonggong seperti anjing. nggak kebayang bagaimana nanti reaksinya .,positive
@siompulandak @BANGSAygSUJUD @prabowo @99propaganda @adri_zizie @AlmaghribiS @EricRicaldo @are_inismyname @florieliciouss @Ndons_Back @tonybulumanu @Lembayung071 @Kimberley_PS08 Tuman.... https://t.co/Zbre59ZUW9,neutral
@PngAdilnR4kyt Semoga bukan omon omon ya pak @prabowo,neutral
kalau pakai prinsip pacta sunt servanda maka jokowi adalah presiden gagal dan buruk. :)),negative
prabowo's teteteret gemoy dance 2.0,neutral
@CNNIndonesia Jokowi saat ini ikut kampanye Pilkada utk salah satu Paslon dari Parpol yg dukung anaknya Gibran m'buktikan apa yg ditulis SBY Cawe-Cawe Presiden Jokowi di Pilpres 2024 sepertinya benar &amp,neutral
Bayarin cicilan gw wo @prabowo,neutral
@noceusc @prabowo lapar jug pak owo.,neutral
@LexWu_13 @PolrestabesSby @prabowo @ListyoSigitP Makin kesini beritanya makin seru nih. Ga ada rencana polisi pro rakyat gitu pak @ListyoSigitP,neutral
Menutup lawatan di Amerika Serikat Presiden RI Prabowo Subianto menerima kunjungan dari Menteri Pertahanan Llyod James Austin Rabu (13/11) siang waktu setempat. #presidenprabowo #prabowosubianto #menteripertahanan #menhanamerikaserikat #LloydAustin #amerikaserikat #dekade08 https://t.co/qCkO1bTRs3,neutral
@katyperry HEBOH JOKOWI MENCABUT PANGKAT BINTANG 4 PRABOWO. simak videonya di link berikut: https://t.co/BWQvU2HCJf,negative
@AnKiiim_ @prabowo MANA NIH YANG KATANYA MACAN ASIA.. KOK ADA MANTAN PRESIDEN BEGINI DIBIARIN AJA,negative
@tempodotco https://t.co/XPVGA837Y1,neutral
@CNNIndonesia Serasa masih Presiden dia,neutral
@LexWu_13 @PolrestabesSby @prabowo @ListyoSigitP @DivHumas_Polri @Puspen_TNI @mohmahfudmd tolong dilirik dikit lah kasus ini. banyak berita berseliweran yg merendahkan martabat instansi polri. harap segera inteligen bergerak dan di clear kan !!,negative
Presiden Prabowo Subianto dan Presiden Amerika Serikat (AS) Joe Biden sempat membahas konflik Gaza dalam saat bertemu di Gedung Putih Washington DC AS pada Selasa (12/11/2024) waktu setempat. Prabowo juga sempat membahas isu tersebut saat berbincang dengan Menteri Pertahanan https://t.co/Qiu7uj91FB,positive
@LexWu_13 @PolrestabesSby @prabowo @ListyoSigitP Nyimak dl,neutral
Bersama Prabowo kita dukung upaya cegah penyelundupan demi kelestarian sumber daya laut Indonesia #IndonesiaEmas #ProgramPresiden #PresidenPrabowo #CegahPenyelundupan #LawanPenyelundupan #StopPenyelundupan https://t.co/76lDp16uHv,positive
Acara Kampanye Akbar RIDO dibarengi dengan Konser Satu1n Jakarta juga disambut oleh mantan presiden Ridwan Kamil https://t.co/vfzkuHJssG,neutral
@LexWu_13 @PolrestabesSby @prabowo @ListyoSigitP Negeri Konoha,neutral
knp ya ky ga ngehargain gt kesannya. mau cerita aja hrs ditunda dulu sm agendanya yg segudang giliran ntar gue berubah br deh lsg blg gue knp ky a b c end up gue yg ngerasa bersalah knp ky gitu ke dia. gt trs aja siklusnya sampe prabowo 2 periode,neutral
@ARSIPAJA Jd klo paslon lain ga akan didukung presiden?,neutral
Bapak rencana besok blusukan ke warga daerah Banyumas Pantura Barat dan Pantura Timur. Ini lagi dibahas daerah tujuan pastinya. Beliau mau kangen-kangenan dengan warga .... KALO KANGEN JD PRESIDEN? https://t.co/gfTsh2zaGk,neutral
Lampu yang mati dan jembatan yg bolong ini sangat membahayakan masyarakat. Mungkin ada yang pernah lihat fasilitas rusak bisa share juga by reply ini dan tag Pak @prabowo Semoga dibenahi dgn secepatnya ya Pak,neutral
Ikut happy baca ini. Klo ini benar Prabowo di sebulan pertama &gt,positive
Menantu mantan presiden Joko Widodo Bobby Afif Nasution diduga terlibat dalam kasus suap izin usaha pertambangan di Maluku Utara. (Tempodotco) #AdiliJokoWidodo #AdiliJokoWidodo https://t.co/OTWhi8NhcK,negative
@vanc1Bozz @KPAI_official @prabowo Astaghfirullah,neutral
@abu_waras https://t.co/2PgAatgKHW,neutral
Dari Peru Presiden Prabowo Subianto sempat menelepon CEO Nvidia Jensen Huang yang sedang menjadi pembicara di Indonesia. #Internasional #AdadiKompas https://t.co/ErSZ6iSWiE,neutral
@Minietweets_ @prabowo @gibran_tweet @0ctoberR1 @abby6mei @mimih6mei @BANGSAygSUJUD @mas_veel @gtobing2903 @99propaganda @adri_zizie @tham878 @KEBUMENinLOVE Isi kabinet yg berkasus dg masalah korupsi ada erlangga zulhas Dito nusron sugiono hiariej dll omo,negative
@AndovidaLopez @JovialdaLopez @marionjolamj @kitabisacom Antisipasi dan persiapan mitigasi masal @prabowo,neutral
@NenkMonica https://t.co/2PgAatgKHW,neutral
@detikcom @detikjatengcom Jokowi saat ini ikut kampanye Pilkada utk salah satu Paslon dari Parpol yg dukung anaknya Gibran m'buktikan apa yg ditulis SBY Cawe-Cawe Presiden Jokowi di Pilpres 2024 sepertinya benar &amp,negative
Laksanakan arahan Presiden Prabowo Menteri transmigrasi pastikan tidak ada perpindahan dari luar papua ke papua https://t.co/CfFeYBjLpD,positive
Komitmen PLN selaras dengan arahan Presiden RI Prabowo Subianto untuk mencapai swasembada energi dengan menyediakan energi hijau yang efisien dan terjangkau sekaligus mendukung pertumbuhan ekonomiÂ hinggaÂ 8%. #PLN #PLNUntukIndonesia #AcceleratingRenewableEnergy https://t.co/IswrdJLKxK,positive
@OjolNyambi LOGIKA : Kalau dia Rektor UGM mestinya dia kan berkepentingan menelusuri..benar apa tidak ini ada presiden ngaku ngaku mantan UGM seberapa sulit sih meminta UGM menulusuri kebenaran tersebut..,neutral
Lapar @prabowo,neutral
@mycattye beautiful,neutral
@detikcom Yiihaaa..lagi nih @Gerindra &amp,neutral
Kampanye Akbar RIDO sangat menggemparkan panggung begitu ramai dan vibesnya menyala banget Konser Satu1n Jakarta dan juga mantan presiden indonesia pun memilih Ridwan Kamil memang calon pemimpin yang mantap banget sih beliau https://t.co/MufnLkgl28,positive
@StefanAntonio__ @prabowo Baru x ini sy merasa pak jokowi masih jadi Presiden RI. Emang beneran ya pengen 3 periode.,neutral
@__LOVE_AG4EVER @prabowo Maaf sebelumnya sebaiknya urusan dlm negeri dl,neutral
@PDI_Perjuangan mantan presiden sampe ikutan kampanye di jateng untuk mengawal investasi masuk indosat-nvidia itu ya ? yg rencana bangun pusat AI atau emg ada apa sih ? ksannya calon yg stu lg cuma bkl jadi gubernur boneka presiden &amp,negative
Dalam rangka mewujudkan ketahanan pangan dan mencapai swasembada yang kokoh Presiden Prabowo menginstruksikan untuk #PresidenPrabowo #PresidenPrabowoWujudkanKemandirianPangan #ProduktivitasLahanTidur #BangkitkanLahanTidur #KetahananPanganNasional #IndonesiaTanpaImpor https://t.co/uVzGoefuQV,positive
@ferrykoto @prabowo Iya kan saja. Mumpung masih hidup.,neutral
@RosanaRatn10318 @geloraco @KPK_RI @RadarKorupsi Gak perlu nya nunggu FBI @prabowo SDH membuat timsus Pemberantasan narkoba anggotanya terdiri dari TNI ada jg dari WAKABAIS smoga niatan baik pk Presiden berjalan lancar gulung smua mafia Narkoba Krn berdam,positive
@CNNIndonesia Ngpain lagi sih pak @jokowi kan katanya mau istirahat kalau memang pengen full politik langsung saja buat partai atau caplok saja partai yang ada kalau gini rasanya kurang etis karena tidak ada mantan presiden yang getol berpolitik jika suda,negative
Zul ini anak buahnya internal threat untuk Presiden kalo kaya gini,neutral
Dalam rangka mewujudkan ketahanan pangan dan mencapai swasembada yang kokoh Presiden Prabowo menginstruksikan untuk #PresidenPrabowo #PresidenPrabowoWujudkanKemandirianPangan #ProduktivitasLahanTidur #BangkitkanLahanTidur #KetahananPanganNasional #IndonesiaTanpaImpor https://t.co/b2adyI8EUa,positive
Wkwk. Ini sie kelihatan banget. Kalau Prabowo mau bikang : I am the president know,neutral
Prabowo: Masa depan bangsa harus bebas dari ancaman narkoba #IndonesiaEmas #PrabowoSubianto #PresidenPrabowo #BerantasNarkoba #IndonesiaMaju https://t.co/5nkgDGJorm,positive
@RagilSemar Yaiyalau khan the ultimate targetnya adalah jadikan Jan Estes jdi wakil presiden setelah di sunat nanti......wkwkwwkkww,neutral
@ngeemtot @prabowo aku mau rawon,neutral
@hananbois @AndisBoga @LexWu_13 @ListyoSigitP @DivHumas_Polri @poldajawatimur @HumasPoldaJatim @PolrestabesSby @prabowo @Gerindra @tribunjogja @tribunjatim @tribunnews @NajwaShihab @MataNajwa @CNNIndonesia @cnnbrk @NarasiNewsroom Namanya jg usaha ngab CUA,neutral
Bersama Prabowo kita lawan narkoba untuk generasi Indonesia yang lebih bermartabat #IndonesiaEmas #PrabowoSubianto #PresidenPrabowo #BerantasNarkoba #IndonesiaMaju https://t.co/u9tsf9kiaX,positive
@Santosokurni,neutral
Dengan kebijakan tegas Prabowo komitmen wujudkan Indonesia bebas narkoba demi masa depan bangsa #IndonesiaEmas #PrabowoSubianto #PresidenPrabowo #BerantasNarkoba #IndonesiaMaju https://t.co/MvLo5jzZvk,positive
@soyeonsday @ARSIPAJA wkwkw resah aja punya presiden kok powernya buat kampanye salah satu pasangan,negative
Aku keknya bakal dihujat kalo speak up ini. Tapi menurutku jae pake kemeja putih hari ini mirip mantan presiden.,neutral
Demi Indonesia yang lebih sehat dan kuat Presiden Prabowo berjanji tuntas berantas narkoba #IndonesiaEmas #PrabowoSubianto #PresidenPrabowo #BerantasNarkoba #IndonesiaMaju https://t.co/yAsXCWn7I6,positive
Komitmen Prabowo untuk memberantas narkoba adalah wujud nyata melindungi generasi bangsa #IndonesiaEmas #PrabowoSubianto #PresidenPrabowo #BerantasNarkoba #IndonesiaMaju https://t.co/Ht0p3yPsUt,positive
Prabowo: produktivitas lahan tidur menjadi kunci ketahanan pangan dan kemandirian Indonesia #PresidenPrabowo #PresidenPrabowoWujudkanKemandirianPangan #ProduktivitasLahanTidur #BangkitkanLahanTidur #KetahananPanganNasional #IndonesiaTanpaImpor https://t.co/hMTFqRQCez,positive
@hnirankara Iya iya orang pintar yg gk jadi wakil presiden,neutral
@iimfahima Akhirnya ada yg speak up begini dari awal aku liat video nya aja sorry to say si trump udh menunjukkan ketidak respect an dia ke pak prabowo anjir nntnnya gak nyaman bgt. Klo aku jd pak prabowo dgn hati mungielku inih aku sakit hati sih zuzur,negative
@JhonSitorus_18 @Gerindra @prabowo . Usut siapa backingan si bapak ini...,neutral
@AbubakarSu15415 @prabowo @mohmahfudmd @MahkamahAgung @RadarKorupsi Luar biasa Indonesia kita Untuk perbaikan di hakimi. Tp yg koruptor di diemin.,neutral
@Ndons_Back Kita bangga dg Pak Probowo Selaku Presiden Indonesia Yg Bisa Komu ikasi Baik Dan Juga Terlihat Sangat Menghargai Orang Namun Rasanya Kurang Pas Jika Pak Prabowo Berikan Hormat Militer Pada Pejabat znegara Lain Yg Secara Jabatan Dibawah Beliau.,neutral
@LexWu_13 @PolrestabesSby @prabowo @ListyoSigitP Netizen indo maju,positive
@SonyaAmriani @LexWu_13 @prabowo @Gerindra @ListyoSigitP @ahriesonta @gibran_tweet Bersihin sampe bekingnya semua,neutral
@iimfahima Ini adalah video sindiran buat presiden sebelumnya.,neutral
Komitmen Prabowo Berantas Narkoba #IndonesiaEmas #PrabowoSubianto #PresidenPrabowo #BerantasNarkoba #IndonesiaMaju https://t.co/7xQdD3ueAl,positive
Komitmen Prabowo Berantas Narkoba #IndonesiaEmas #PrabowoSubianto #PresidenPrabowo #BerantasNarkoba #IndonesiaMaju https://t.co/9otDBxR6Kj,positive
@JendralKepitin9 @LexWu_13 @prabowo Kalau mau membersihkan kotoran sapunya harus bersih?? Pertanyaan saya ke pak kapolri yang terhormat Ketika sapu yang bersih menyentuhan kotoran kotorannya akan hilang atau justru sapu yang bersih dan kotoran jadi menemp,neutral
Komitmen Prabowo Berantas Narkoba #IndonesiaEmas #PrabowoSubianto #PresidenPrabowo #BerantasNarkoba #IndonesiaMaju https://t.co/jqTPmvCSh1,positive
@tekarok007 @Chanel__Diorr @realfedinuril Anak abah lebih dulu milih prabowo 2014 &amp,neutral
Komitmen Prabowo Berantas Narkoba #IndonesiaEmas #PrabowoSubianto #PresidenPrabowo #BerantasNarkoba #IndonesiaMaju https://t.co/bOmoZYZPjO,positive
@ArjayaDirja @tempodotco Kata qodari juga Prabowo kampanye pas hari Minggu dan dia sebagai ketua umum Gerindra. Berarti Indonesia hari Minggu gak punya presiden ya ?,neutral
@blank0429 Dan prediksinya terjadj beneran gimana pak bapak dulu saya bangga banget ama njenengan lho @prabowo,neutral
@Epricila10 Lapor mas Wapres tuluung usut akun fufufafa yang telah menghina Presiden Prabowo &amp,negative
Dengan optimalisasi lahan tidur Prabowo yakin Indonesia mampu mandiri dan siap hadapi tantangan ekonomi global #PresidenPrabowo #PresidenPrabowoWujudkanKemandirianPangan #ProduktivitasLahanTidur #BangkitkanLahanTidur #KetahananPanganNasional #IndonesiaTanpaImpor https://t.co/KtPJ3hcvED,positive
Komitmen Prabowo Berantas Narkoba #IndonesiaEmas #PrabowoSubianto #PresidenPrabowo #BerantasNarkoba #IndonesiaMaju https://t.co/9K93yTD2rD,positive
@Duren___ @Amran_bin_Al @Urrangawak @RIPDEMOKRASI @GM_Warrios @Bara_M_1 @Bambangmulyonoo @Balerus8Lapan Samsul butuh pencitraan. Saat kemarin sidang ttg erupsi gunung ngak seberapa lama prabowo dari us lgs rapat online tnp samsul. Sblm prabiwo berangkat s,neutral
Ini ciri orang yg sedang panic. Harus di baca sebagai ada masalah dg regime Prabowo https://t.co/SvI9PmS81G,neutral
Presiden Prabowo instruksikan optimalisasi lahan tidur agar Indonesia semakin kuat di bidang ketahanan pangan #PresidenPrabowo #PresidenPrabowoWujudkanKemandirianPangan #ProduktivitasLahanTidur #BangkitkanLahanTidur #KetahananPanganNasional #IndonesiaTanpaImpor https://t.co/f9jDqV3ezQ,positive
Presiden Prabowo Tiba di Peru untuk Hadiri KTT APEC https://t.co/j2hhIucWxz,neutral
Presiden RI Prabowo Subianto tiba di Pangkalan Militer Angkatan Udara Grupo 8 Alar Bandara Internasional Jorge Chavez Lima Peru pada Rabu sekitar pukul 22.35 waktu setempat. #presidenprabowo #prabowosubianto #peru #luarnegeri #KTTAPEC # bilateral #dekade08 https://t.co/EPLTK1LBgm,neutral
Dato Sumali disebut2 bakal ketuai badan induk SepakTakraw Dunia?Berkemungkinan Presiden Pertama Melayu dari Malaysia. Apa kata Datuk Abdul Halim Setiausaha Agung ISTAF ? Lets the game begin @ASTROARENA https://t.co/V7vlJmoQvd,neutral
@vanc1Bozz @KPAI_official @prabowo Orang yang di siksa yang kau salahkan #presiden kenapa gak kau salahkan tuhan sebagai pencipta manusia yang seperti binatang ini,neutral
@prabowo Pak Prabowo saya mohon ijin minta bantuannya untuk menyampaikan bahwa jembatan penyebrangan seperti ini apa bisa diperbaiki menjadi layak ? Sehingga rakyat lebih aman saat beraktivitas. Saya yang selalu taat akan bayar pajak merasa kurang puas -c,negative
@Intel_Imut Dengan dukungan dari Presiden Prabowo Pak Luthfi Yasin dan Gus Yasin adalah pilihan yang tepat,neutral
@vanc1Bozz @jokowi @prabowo Sampe Konten kreator dilaporin gubernur...benarÂ² pki,neutral
@YasmineMirzha PRESIDEN n para MENTRI juga PEJABAT lainnya kemana?!,negative
@prabowo @realDonaldTrump ganti footage lain aja min Your English is good itu bukan pujian stereotyping,neutral
@JamesH03518554 Setiap langkah diplomasi Presiden Prabowo membuktikan bahwa Indonesia siap jadi pemain besar di kancah dunia!,positive
@iimfahima Tramp sedang menyinggung presiden sebelum ny karena waktu ngobrol2 bahasa inggris nya kaga lancar.,neutral
@Boediantar4 Kedaulatan menjadi presiden tanpa cawe2 mantan presiden bisa!!,neutral
@goddeketal @prabowo @bnsphrxyzzz @Narasi_winda @realDonaldTrump @TeamTrump @IDF @elonmusk @JDVance ï¸,neutral
@kurawa @prabowo Ini untuk internal bro dan tni itu punya hukum acara peradilan sendiri.. apbila ada pidana bisa dibawa ke peradilan militer.. paham?,neutral
@LexWu_13 @prabowo GASPOL bosku,neutral
@CNNIndonesia Mantan presiden banyakk tingkahh,neutral
@prabowo @mohmahfudmd @MahkamahAgung @RadarKorupsi @RosanaRatn10318 https://t.co/k5JOVXncGE,neutral
@S_Ulfanita @Boediantar4 @prabowo Sy ga setuju pak prabowo di anggap boneka dia sang fajar yg akan menghajar. Dia jendral. Dia presiden. Liat aja semua kegaduhan negeri akan di sikat total tanpa terkecuali,positive
@JamesH03518554 Satu lagi pencapaian yang patut diapresiasi. Terima kasih Presiden Prabowo!,positive
@__LOVE_AG4EVER @prabowo Apakah presiden @prabowo kurang informasi tentang Palestina sehingga jauh ke Negeri Paman Sam untuk bertanya?,negative
@menggubris Kucingnya presiden,neutral
Wujudkan Indonesia tanpa impor dengan peningkatan produktivitas pertanian visi besar Presiden Prabowo #TerimaKasihPresidenPrabowo #PresidenPrabowo #VisiPresidenPrabowo #IndonesiaTanpaImpor #KetahananPangan #SwasembadaPangan https://t.co/sO8a0wuXP2,positive
Ketua PSSI Erick Thohir memuji Presiden JDT yang dianggap memiliki visi untuk memajukan Sepakbola di Asia Tenggara bahkan di Asia. https://t.co/wByO5ajUXk,positive
@hnirankara Klau pinter sdh jadi presiden laa emang ente dari dulu masih jadi jongos pilitik,neutral
Prabowo terus mendorong sinergi untuk mewujudkan ketahanan pangan dan mengurangi ketergantungan impor #TerimaKasihPresidenPrabowo #PresidenPrabowo #VisiPresidenPrabowo #IndonesiaTanpaImpor #KetahananPangan #SwasembadaPangan https://t.co/c8yAcwP0ql,positive
Dengan distribusi jaminan pendukung dan sinergi pemangku kepentingan Prabowo optimis wujudkan swasembada pangan #TerimaKasihPresidenPrabowo #PresidenPrabowo #VisiPresidenPrabowo #IndonesiaTanpaImpor #KetahananPangan #SwasembadaPangan https://t.co/RaN2DYIIMa,positive
Janji kampanye Prabowo-Gibran yang diucapkan oleh Hashim pada Januari 2024: Mulai Oktober 2024 setiap guru akan dapat tambahan gaji 2 juta rupiah per bulan THR juga. Ada 4 juta guru. #AdiliJokoWidodo #AdiliJokoWidodo https://t.co/1C7KiVdT4u,positive
@LexWu_13 @prabowo Bukan Ivan aja....byk yg seperti ini bekingan nya ya para aparat dan pejabat,neutral
Presiden Prabowo berkomitmen penuh untuk memberantas narkoba hingga tuntas. Dengan langkah tegas dan kebijakan strategis beliau berjanji melindungi masa depan generasi bangsa dari ancaman narkotika #IndonesiaEmas #PrabowoSubianto #PresidenPrabowo #BerantasNarkoba #IndonesiaMaju https://t.co/oRpWv52vxF,positive
Langkah nyata Prabowo dalam meningkatkan produktivitas pertanian membawa Indonesia lebih dekat pada swasembada pangan #TerimaKasihPresidenPrabowo #PresidenPrabowo #VisiPresidenPrabowo #IndonesiaTanpaImpor #KetahananPangan #SwasembadaPangan https://t.co/DgTbiiwzHN,positive
@UmarSyadatHsb__ @prabowo pak.....,neutral
Presiden Prabowo berkomitmen penuh untuk memberantas narkoba hingga tuntas. Dengan langkah tegas dan kebijakan strategis beliau berjanji melindungi masa depan generasi bangsa dari ancaman narkotika #IndonesiaEmas #PrabowoSubianto #PresidenPrabowo #BerantasNarkoba #IndonesiaMaju https://t.co/qB2QTLBJXk,positive
Presiden Prabowo berkomitmen memperluas lahan dan mendukung produktivitas demi mewujudkan swasembada pangan #TerimaKasihPresidenPrabowo #PresidenPrabowo #VisiPresidenPrabowo #IndonesiaTanpaImpor #KetahananPangan #SwasembadaPangan https://t.co/d9mmI7STte,positive
@LexWu_13 @PolrestabesSby @prabowo @ListyoSigitP mantapp ulti ko,neutral
@LexWu_13 @PolrestabesSby @prabowo @ListyoSigitP Pak @prabowo Pak @ListyoSigitP @Gerindra Jangan biarkan hancur negeri ini.,neutral
@LexWu_13 @prabowo Loh kan ada @gibran_tweet dan semua permasalahan bisa dihandle via posko pengaduan,neutral
Tiba di Peru Presiden Prabowo Subianto akan Hadiri KTT APEC https://t.co/BEgcGIYcyw,neutral
@LexWu_13 Cc @prabowo @ListyoSigitP @Gerindra,neutral
Berpikir Bergerak Tuntas Balitbang dan Diklat DPP Partai Golkar Bersama Deputi Litbang &amp,neutral
@CNNIndonesia Memalukan! mantan Presiden mestinya jadi negarawan atau bapak bangsa berdiri diatas semua golongan hanya boleh aktif dlm politik negara tapi tidak untuk politik praktis mau dibilang post power syndrome juga terlalu prematur nampaknya wawasan,negative
penyalahgunaan dan peredaran gelap narkoba di lapas martapura agar menjadi lapas bersinar (bersih dari narkoba) dan menjalankan instruksi dari Presiden dan Juga Kementerian Imigrasi dan Pemasyarakatan terkait Narkoba,neutral
@Bravo_munte @msobri99 Padahal perusak bangsa dedengkot PDI P ekonomi usak gara dia jadi presiden,negative
@arsyamoi Presiden terbodoh dalam sejarah,negative
Tolong pak pengisian ekinerja pmm atau apa lah itu kalau bisa di ringankan kasian ibu saya kesusahan terkait hal tersebut ini sangat memberatkan sekali ibu saya sebagai guru yang umurnya sudah tidak mudah lagi. Mohon di beri solusi @gibran_tweet @prabowo @gibran_tweet,negative
@Alauzr_ lahir di era soeharto remaja di era SBY dewasa di era jokowi sukses di era prabowo,neutral
@LexWu_13 @prabowo Kasus menyuruh anak sujud dan menggonggong hanya pintu masuk untuk membongkar kejahatan Ivan dan para relasinya. Kita kawal terus sampai taburan bintang dan melati dibelakang Ivan ikut rontok....,neutral
@BosPurwa Parah ni bapak ayo pak @prabowo ganti aja org ini bukan Rusak Negara dan malu bapak aja..,neutral
@_NKOTBs presiden,neutral
@vanc1Bozz @KPAI_official @prabowo . sungguh sadis dan biadab.. mendidih darah saya melihat pelaku terhadap anak nya....,negative
@JamesH03518554 Perjalanan yang penuh prestasi! Presiden Prabowo menunjukkan bahwa Indonesia adalah mitra strategis yang bisa diandalkan,positive
@LexWu_13 @PolrestabesSby @prabowo @ListyoSigitP Min @Gerindra mohon atesinya Pak @ListyoSigitP @ahriesonta mohon bersih2 internal Polri sudah kronis banget sepertinya,negative
Pemberantasan korupsi menjadi salah satu program prioritas Prabowo untuk mewujudkan Indonesia bebas korupsi #IndonesiaEmas #IndonesiaMaju #IndonesiaSejahtera #PemberantasanKorupsi #IndonesiaBebasKorupsi #PrabowoBerantasKorupsi #ProgramPrioritas #PresidenPrabowo #PrabowoMerakyat https://t.co/39uANPaD8l,positive
Presiden Prabowo minta pengusaha lapor langsung jika ada indikasi korupsi di lapangan #IndonesiaEmas #IndonesiaMaju #IndonesiaSejahtera #PemberantasanKorupsi #IndonesiaBebasKorupsi #PrabowoBerantasKorupsi #ProgramPrioritas #PresidenPrabowo #PrabowoMerakyat https://t.co/ko8xMnXXxJ,positive
@LexWu_13 @PolrestabesSby @prabowo @ListyoSigitP Yuk berani yuk kalian memihak ke rakyat kan ? Uang negara semua itu @KPK_RI @KejaksaanRI,neutral
@ARSIPAJA ngikutin instruksi GarÃ©ng Oslo bakalan serba kikuk buat Prabowo sendiri liatin aja. Udah kebawa tabiat GarÃ©ng sama Bagong selalu ribut.,neutral
@KemensetnegRI Sekneg itu beritain presiden bukannya si anak haram konstitusi fufufafa.,negative
Prabowo Subianto mengajak seluruh rakyat Indonesia untuk bersama memberantas kanker korupsi #IndonesiaEmas #IndonesiaMaju #IndonesiaSejahtera #PemberantasanKorupsi #IndonesiaBebasKorupsi #PrabowoBerantasKorupsi #ProgramPrioritas #PresidenPrabowo #PrabowoMerakyat https://t.co/52KicA2SwZ,positive
Komitmen tegas Prabowo dalam memberantas korupsi tanpa toleransi demi menjaga kemajuan bangsa #IndonesiaEmas #IndonesiaMaju #IndonesiaSejahtera #PemberantasanKorupsi #IndonesiaBebasKorupsi #PrabowoBerantasKorupsi #ProgramPrioritas #PresidenPrabowo #PrabowoMerakyat https://t.co/qJQhDybO4J,positive
@ebonXboy @democrazymedia Hal ini harus jd perhatian @Gerindra @prabowo @fadlizon,neutral
@Priyo__Muhammad @DokterTifa @prabowo Sesederhana ini tp mas jendral kok terlihat cemen yo... Jadi terpikir jgnÂ² kopasus itu tdk secanggih yg ada di beritaÂ²... Kecuali para penyerang lapas cebongan baru top markotop,negative
Presiden Prabowo ibaratkan korupsi sebagai kanker yang harus diberantas demi Indonesia yang lebih baik #IndonesiaEmas #IndonesiaMaju #IndonesiaSejahtera #PemberantasanKorupsi #IndonesiaBebasKorupsi #PrabowoBerantasKorupsi #ProgramPrioritas #PresidenPrabowo #PrabowoMerakyat https://t.co/swsStFz62l,positive
@Lamentied @prabowo Kocak,neutral
@LexWu_13 @PolrestabesSby @prabowo @ListyoSigitP itu azul ngapain kok bisa dipajang? sipil kok dibolehin duduk ditempat yg bukan seharusnya ? kenapa juga difoto? nunjukin power? 1 gambar beribu pertanyaan ini,neutral
@StefanAntonio__ @prabowo Wis ga jelas... Sepertinya segera menyusul kakek amien rais jadi gelandangan politik... Padahal sempat ditawari untuk jadi penerus kakek sugiono yang lebih enak,negative
@vanc1Bozz @KPAI_official @prabowo Ya Allah,neutral
@pakmul63 Jangankan menteri presiden terpilih aja tunduk sama mantan,neutral
@faridhcrb @PolrestabesSby @DivHumas_Polri @ListyoSigitP Apa intruksi presiden @prabowo soal tni/polri ? Tidak boleh jadi beackingan bukan? Nah dalam kasus iji omongan presiden @prabowo dianggap apa?cc @ListyoSigitP @Puspen_TNI ?ada foto anggota tni dlm m,negative
@cakimiNOW @prabowo Koen gak duwe isin babar blan cak,negative
@BudiBukanIntel Prabowo x anak abah vs ternak mulyono,negative
___ OTAK JAKSA AGUNG INI PERLU DI SERVIS masak MAIN JUDI ONLINE diakui SEBAGAI ISENG-ISENG SAJA ..... @prabowo @DPR_RI @KejaksaanRI @KejaksaanagungR,neutral
@target_mama @gustavssondhela Lihat noh boy..biden aja ngobrol sam prabowo kemarin.malah bawa catatan ...lo g komentar...,neutral
Dukung Prabowo dalam memperkuat sektor pertanian dan ketahanan pangan. #GerakanLawanJudiOnline,positive
@UmarSyadatHsb__ Sebentar lagi air langga sowan ke jokowi alasan bisa dicari .. kalau zulhas alasannya kangen.. Sikat aja koruptor itu kata pak prabowo looh. Siapapun bekingnya ditangkap aja.,positive
@NimeKun419266 @a_sptra1 @NenkMonica @prabowo Diem lu bocilâ€¼ï¸ Nimbrung aje lu...,negative
@meliksumanandar @chicohakim cek soal laut cina di era prabowo dan jokowi &gt; https://t.co/FYQ8EvrFdR,negative
@Intel_Imut apakah ini mjd bagian dr indikasi kemungkinan benar adanya matahari kembar? https://t.co/9LRGyyISFt @SBYudhoyono @prabowo @jokowi @setkabgoid @KSPgoid @PDI_Perjuangan @Gerindra @ganjarpranowo @mohmahfudmd @ZUL_Hasan @AgusYudhoyono @deddysitorus @chicohakim @RahayuSaraswati,neutral
ketika gangster mafia judi online beraksi MENGERIKAN !!! Prabowo | Roy Suryo | Yati | Biden | Donald Trump | Boebert https://t.co/oCmmrX0lDZ,neutral
@theodjibriel @BANGSAygSUJUD @prabowo @99propaganda @hasanudinsajid @are_inismyname @florieliciouss @Ndons_Back @Alie_Fahnoor @G3nX_files @yusufagro Yang bagus memimpin siapa dong? Sejak reformasi kondisi ekonomi terbaik itu ada pada era SBY,neutral
@DokterTifa @prabowo Rakyat Konoha mana paham!!!,positive
Belum 100 hari kepercayaan publik pada Prabowo mulai mengalami penurunan.,negative
@yusdinur75 cek soal laut cina di era prabowo dan jokowi &gt; https://t.co/FYQ8EvrFdR,neutral
@DokterTifa @prabowo Masih dok selama Fufufafa alias rakagnarly tdk ditangkap #FufufafaAibNasional #FufufafaWapresPsikopat,negative
@SugiartoEnded @msaid_didu @prabowo @jokowi Purna tugas malah harus mempertanggungjawabkan tugas amanat yg telah dikerjakan. Purna tugas berarti bukan bebas tugas bukan bebas dari pertanggungjawaban. #AkalSehat,negative
@Chalatea1 @prabowo Babat habissss korupptooor,positive
@BoediTomo19 @msaid_didu @prabowo @jokowi Kalianlah yang tidak bisa membedakan kritik dengan hujatan... Kalianlah yang tidak bisa membedakan prihatin dengan kebencian... Kritik dan prihatin itu fokus pada kebijakan bukan pribadinya...,negative
@AnKiiim_ cek soal laut cina di era prabowo dan jokowi &gt; https://t.co/FYQ8EvrFdR,neutral
@Chalatea1 @prabowo Apresiasi kepada Polri dan jajarannya,positive
@LexWu_13 @prabowo Setuju Bang kita lihat beking beking dia dari mana saja hanya netizen yang berani kaya gini terus berjuang bang biar terlihat di Ladusing yang paling dekat dengan dia saya dukung Koko Lex Wu demi ketentraman masyarakat etnis apa pun,positive
@kompascom Makasih Prabowo Gibran,positive
@UmarSyadatHsb__ KASIAN BANGET PRABOWO PEMERINTAHANNYA KOK BEGINI,negative
HUKUM BERLEBIHAN MENGGUNAKAN AIR WUDHU Kita harus ketahui bahwa berlebihan dalam menggunakan air saat wudhu dan mandi masuk dalam cakupan firman Allah Ta ala ÙˆÙŽÙ„ÙŽØ§ ØªÙØ³Ù’Ø±ÙÙÙÙˆØ§ Ûš Ø¥ÙÙ†ÙŽÙ‘Ù‡Ù Ù„ÙŽØ§ ÙŠÙØ­ÙØ¨ÙÙ‘ Ø§Ù„Ù’Ù…ÙØ³Ù’Ø±ÙÙÙÙŠÙ†ÙŽ Janganlah kamu berlebih-lebihan. Sesungguhnya Allah,neutral
berita tahun 2022 yang kembali mencuat Prabowo | Roy Suryo | Yati | Biden | Donald Trump | Boebert https://t.co/YuYnndZYzD,negative
Bego lo pada yang mikir mulyono itu orang kompeten liat nih rezim Prabowo yang disusahin tot,negative
@iimfahima Setuju artinya sama aja mengatakan bahwa sebenarnya English pak Prabowo itu gak bagus hanya cukup2 sajalah.,negative
@LexWu_13 @prabowo semakin melebar bekingan pasti lepas tangan bila pak @prabowo dan pak @ListyoSigitP Sampe tau. Nyampe ga sih ke mereka2 kasus2 seperti ini.,negative
@BANGSAygSUJUD @prabowo @99propaganda @adri_zizie @B_Hendratmo1 @DakotaGeorgy @Ndons_Back @are_inismyname @florieliciouss @Minietweets_ @mas_veel @yonobubut70 Sudah terbukti AS negara berwajah dua jangan terlalu percaya pada mereka lihat Palestina sudah hancur karena negara biadab Israel didukung oleh negara ini berkawan boleh tapi jangan terlalu percaya dan dekat.,neutral
Saya yakin Prabowo akan memperkuat sistem pendidikan. #GerakanLawanJudiOnline,positive
Lah Prabowo anggap serius soal efek negatif judol bapak ini menganggap iseng ahahahadunia tebolak donk,positive
@GenZNusantara Investasi ini langkah nyata Prabowo buat masa depan kita,positive
@Lembayung071 @prabowo @setkabgoid @KemensetnegRI Yang komen pasti anak wabah banyak kali buzzer nya wkwk,neutral
@UmarSyadatHsb__ Uyuhan sih kang @ridwankamil mening balik k bandung,neutral
Prabowo apa2 ke luar negeri meanwhile gibran asik blusukan sana sini If this keeps up Makin yakin gue gibran jadi presiden 5 tahun berikutnya,negative
@xquitavee @gibran_tweet @prabowo @jokowi Astghfirullah .. ganteng bnget masbroo .... siapa sih potohgfer nya ..,neutral
@Chalatea1 @prabowo Papua tanah yang subur dan kaya,positive
@BANGSAygSUJUD @prabowo @99propaganda @hasanudinsajid @DakotaGeorgy @are_inismyname @florieliciouss @Ndons_Back @Alie_Fahnoor @G3nX_files @yusufagro @Kimberley_PS08 Dia jago berpidato tapi jelek dalam memimpin,negative
@BANGSAygSUJUD @prabowo @99propaganda @adri_zizie @florieliciouss @are_inismyname @Ndons_Back @hasanudinsajid @FDonghun @yonobubut70 @YoYoAyo17845 @tonybulumanu Lah kan sudah ratas dgn wakilnya kmaren #dobel?,neutral
@Andria75777 @vanc1Bozz @jokowi @prabowo Lelah Barangkali Pancibozz #LBP,negative
Geger...... Perias Gaib Asal Dayak Borneo Ini Beri Pesan Ke Prabowo Untuk Jangan Lupa Dasi &amp; Tali Sepatunya https://t.co/tcmToE7lM1 Datanglah keGotube nikmati video yang menarik #gotube,neutral
@Chalatea1 @prabowo Transmigrasi Papua membuka peluang pembangunan yang berkelanjutan di Papua,positive
Klu kalian ngutang terus tiap Minggu hebatnya Prabowo dimana @BANGSAygSUJUD @are_inismyname @__LOVE_AG4EVER,negative
@FemyliaY @prabowo UI jadi kompulan orang dongo kah Apalagi UGM kalo benar ijazah jokowi palsu. Turunkan status UGM. Itu aib besar!,neutral
Disertasi Bahlil Lahadalia ditangguhkan UI artinya gak jadi doktor dong Akhirnya UI tidak bahlul tapi pernah bahlul aja Bahlol saya memahaminya revisi karena wisuda saya desember Menteri bawaan mulyono emg agak lain tapi prabowo kok milih dia hadeh https://t.co/BiNMOnWJue,negative
@UmarSyadatHsb__ Kerja sama jokowi aja luh zulhas.. kan kangen sama jokowii.. Biar prabowo pecat kau.. ingat prabowo berantas korupdi tanpa pske beking..bekingnya ikut juga ditangkepin. Ciiie minta beking ke mulyono,neutral
@karimasoyou @sembunyidulubu sama kok coba aja kritik Anies Baswedan dengan bahasa kritik seperti ke Mulyono. ato kritik Prabowo semua jg bakal gt. jangan suka penggiringan opini yg ky gini. semua pemimpin yg disukai masyarakat pasti banyak buzzernya..,positive
@Mdy_Asmara1701 @prabowo Lahhh.. Pak Presiden kmrn Pensiun langsung dapet pensiun nya nih mas Wapres? @gibran_tweet,negative
@Heraloebss @ST_Burhanuddin @prabowo Lampung mmg propinsi bermasalah yg gubernurnya cengengesan aja ktk Jokowi melintasi jalan rusak dg mobil kepresidenan sikat aja semua penjahat anggarannya denger2 oligarkinya si anu yg bikin teh panasku rasanya nikmat,neutral
@mazzini_gsp Independen pun klo diperhatikan isinya sama dgn prabowo.. omgannya sama persis cmn soal cara kerjanya yg mgkn perlu diketahui,positive
@pakmul63 Prabowo akan lapor pulang dari lawatan ke luar negeri,positive
@BANGSAygSUJUD @prabowo @Kimberley_PS08 @gtobing2903 @99propaganda @florieliciouss @Ndons_Back @are_inismyname @zinnurain_ @zy_zy_lestary @YoYoAyo17845 @Minietweets_ Jngn kn 5000 jdi 10000 aja gk mungkin?,neutral
@hipohan @prabowo sadarlah dia aja masih lapor ke mulyono https://t.co/nnWXe8I3GH,negative
@yanuarnugroho @univ_indonesia @prabowo Malah langgar aturan jk maksa gelar doktornya tetap disematkan di depan namanya @bahlillahadalia terhitung sjk tgl penetapan penangguhan,neutral
@DokterTifa @msaid_didu @prabowo Harus yang menguji di mintak pertanggung jawaban nya,neutral
Yup jangan-jangan @realDonaldTrump bersama Presiden @prabowo sedang resiprok Jakarta Method yang ditelisik @Vinncent (2021) salah seorang warga negara AS pewarta senior media massa papan atas AS. Bila benar Jakarta/IKN memang pantas duduki no. 4 ekonomi terbesar dunia (PwC).,positive
@embunlintan9 @ommi_siregar Dalam debat masih dalam batas wajar menilai kinerja. Bukan menghina. Dalam debat Prabowo juga menanyakan anggaran polusi udara dan dijawab dengan baik ( bagi yang bisa memahami dengan sadar ).,positive
SALAH SATU Biang kerok yg merusak Perekonomian Indonesia adalah Kementerian Perdagangan @Kemendag Sudah IMPORT BEBAS PAJAK.. Bayak Untung pasti Menteri nya lah Kebiasaan lama Sepertinya Kabiner @prabowo disusupi Orangnya Mulyono untuk cari 'Cuan' utk Cicil HIDEN DEBT.. https://t.co/Y5XvCO8LFP,negative
@geloraco Boro2 mau bayar Pajak..Ekonomi lagi stuck bu..kebanyakan IMPOR gimana ekonomi rakyat mau bergerak UMKM pada kalah bersaing sama produk IMPOR. Tolong batasin IMPOR Pak @prabowo,negative
@DokterTifa @prabowo Hebat jg analisa dr ini apa ya betul begitu......klu ndak betul gimana dok.....jgn takuti kami masyarakat kecil ini.....,negative
Kepemimpinan Prabowo akan membawa perubahan nyata mari kita dukung penuh. #GerakanLawanJudiOnline,positive
@itskhuzaimah @NenkMonica @prabowo Di itu ngebantu partai nya prabowo gerindra yg suka nyelesain masalah. Jd udh pasti disetujuin lah,negative
@praswrhj @msaid_didu @prabowo @jokowi Nasihatilah mereka yang menyebarkan kebencian pada pemimpin bahkan setelah pemimpin itu purna tugas. Kalian membenci dihias dengan kalimat2 yang terlihat bijak menjijikkan...,positive
@ASN_TELADAN @prabowo @Gerindra Diumumin di pidato jelang HUT RI yg tiap tgl 16 Agustus itu? Tahun depan dong,neutral
itulah penyebab utama makin Tumpulnya Penegakan Hukum thd Judi Online karena mereka mampu meminta perlindungan/pengabaian kegiatan ilegal mereka hingga gerakan gangster mafia mereka makin besar &amp; sewenang2 Prabowo | Roy Suryo | Yati | Biden | Donald Trump https://t.co/lAd1Lc2Neq,negative
@LexWu_13 @prabowo Maju terus koh tegakkan keadilan,positive
@Sherly0ctaviany @TeddGus @mohmahfudmd @MahkamahAgung @prabowo Mana berani dia bongkar majikannya sendiri,negative
Sri Mulyani Ungkap 3 Jurus Prabowo Kejar Ekonomi 8% https://t.co/v9anoceEQq,positive
@DokterTifa @prabowo Kucing perilakunya lebih baik bu jangan di fitnah,neutral
ketika DUNGU dah mentok https://t.co/7mPZrYBXLe,negative
@GenZNusantara Prabowo berhasil bawa investasi besar demi kesejahteraan yang lebih merata,positive
@cinnamongirlc Pak Prabowo sikatt nih orang. Nih dajjal nih,positive
@football_garin @BudiBukanIntel Strategi Tiga Kerajaan. Ini produk China daratan yang harus dipelajari kita orang Indonesia. Sun Tzu Sang Jendral punyai Tingkat IQ 472 dgn tingkat level Strategi Politik Jendral Perang China. Saya yakin hanya Pak Prabowo yang bisa kendalikan Mulyono dan Oligarki 9 Naga.,positive
@Tan_Mar3M @Kimberley_PS08 Kalau @bengkeldodo dan @are_inismyname ini memang faksi Prabowo. Beda dgn si @mas_veel; @xquitavee ; @Lembayung071 Perhatikan saja postingan kek gini https://t.co/YvTwJo700Y,neutral
@PelatihT1dur Diatas raja @prabowo ada maha raja @jokowi betul apa betul min? @Gerindra baru sekarang ini orang yg purna tugas tapi tak punya etika negarawan sibuk cuap cuap di berbagai media medianya juga jd media darling buat dia.,negative
@prabowo @POTUS Knp harus pake kata yang mulia pak??,negative
@prabowo @POTUS Petani susu susunya pada di buang tapi izin import gede gedean meong,negative
@edwardyurianto @kompascom @prabowo Kl gw c ud hopless..ngurusin hal kecil kasua firli aj kerepotan kyna pdhl ud jelas gamblang....sekelas menkopolhuk bilang rumit. Trus ba maju dr mana....,negative
@GenZNusantara Prabowo serius bawa perubahan lewat investasi besar demi kesejahteraan rakyat,positive
@LexWu_13 @prabowo Sudah bukan rahasia umum setiap pengusaha dekat dgn penguasa dan memiliki beking oknum aparat dan bukan hanya dari institusi polri.,negative
Bagai tabrakan beruntun berbagai kasus nyeleneh nir aturan niretika nirhukum dn nir2 lainya gonta ganti sambung menyambung setiap saat rakyat disuguhi standup komedi yg blass ga lucu. Sdh tahunan kek gini. Semoga presiden baru @prabowo membawa perubahan kembalikan kewarasan di https://t.co/X4yb9WLhxc,positive
@LexWu_13 Mungkin efek bisa bayar orang dekingan x bang,neutral
Sdh 25 hari Yth @prabowo di lantik. Dlm pidatonya Prabowo mengingatkan kpd para kader agar senantiasa setia bangsa/negara Indonesia. Ia bersumpah siap mati membela rakyat. Hidup sy sumpah sy sy ingin mati di atas kebenaran sy ingin mati membela rakyat sy. https://t.co/JXVJqJUcrk https://t.co/w1kh1SeyyV,positive
@hipohan @prabowo Sangat sadar !,positive
@DokterTifa @prabowo Sama fufufafa lemah,negative
Torang dukung Prabowo karena dia punya kebijakan yang peduli sama lingkungan. #GerakanLawanJudiOnline,positive
@DokterTifa @prabowo Jangan berlebihan memuji seseorang.,negative
@UmarSyadatHsb__ https://t.co/VM2Gmx5LV8 mau minta perlindungan ke siapa mantan mendag zulkifli hasan zaman? -opsi 1: meminta ke prabowo -opsi 2: meminta ke gibran -opsi 3: meminta ke jokowi,negative
@CNNIndonesia Santai aja karena memang tidak ada yang dilanggar jika dilihat dari baju yang dikenakan Prabowo video itu sepertinya dibuat hari minggu di Solo saat Prabowo berkunjung ke Jokowi setelah dari Merauke Papua dah geetuu aja he he he,negative
@Jhon_baron11 @Heraloebss @prabowo Huusshh.. sunat dulu sana..,negative
@TanoMaskhe @BANGSAygSUJUD @jokowi @prabowo @99propaganda @0ctoberR1 @florieliciouss @are_inismyname @Ndons_Back @Kimberley_PS08 @gtobing2903 @tonybulumanu @EricRicaldo @YoYoAyo17845 Hebat Bapak Presiden @prabowo Antam import dari Singapore/overseas yg bukan penghasil emas sudah hampir 10 tahun lebih bahkan saat pandemi. Kita negara 9 besar penghasil emas dunia. Bayangkan koreksi ini baru terjadi di jaman Bapak @prabowo!,positive
@LordBugis @prabowo @ZUL_Hasan Lapor pak : netizen n anggota dewan minta/ maksa semua Mendag era sampeyan diperiksa Kejagung Piye pak .. saya kn cuma ngikuti perintah sampeyan,neutral
@cetalos atp bego bgt klo prabowo DAN rk menang,negative
@xquitavee @gibran_tweet @prabowo @jokowi Goblogh nya abadi nie bajer... lah iya lah pake fasilitas bokap !!,negative
@RyaWiedy kalo gitu bubarin aja kementrian prabowo yang 48 itu .kalo g bisa menyelesaikan masalah .katanya pak prabowo mau penghematan cukup mas wapres aja sudah bisa menyelesaikan smw masalah,negative
@PGekyun @Kadir_Karding @prabowo @gibran_tweet @KemensetnegRI @setkabgoid Dengan kegiatan semacam ini semakin banyak masyarakat yang mendapatkan informasi secara benar,positive
@Boediantar4 @KemenkopUKM @prabowo Pajak bikin tidak nyaman berusaha,negative
Ketua Umum (Ketum) Bhayangkari Juliati Sigit Prabowo meninjau posko pengungsian bencana erupsi Gunung Lewotobi Laki-laki di Nusa Tenggara Timur (NTT). Ketum Bhayangkari juga menyalurkan bantuan berupa makanan hingga kebutuhan anak-anak. https://t.co/4Pbt1Nowky,neutral
Didukung Presiden Jokowi selalu menang Didukung Presiden Prabowo belum tahu karena Prabowo menang karena didukung Presiden Jokowi. https://t.co/F3b47fwp2N,negative
@msaid_didu Rakyat yg kalh dlm pilpres sudah percaya dan menaruh harapan kpd Pak prabowo tapi kami kembali kecewa ternyata pak prabowo 11 12 sama pak mulyono baru aja menjabat udah menodai demokrasi yg sedang sakit gara2 mulyono..bener2 udah jadi macan sirkus yg taat kepada pawangnya,negative
@SugiartoEnded @msaid_didu @prabowo @jokowi Bedakan antara kebencian dgn keprihatinan. Keprihatinan karena beliau mencintai bangsa negara ini... #NKRIbutuhAkalSehat #PatriotYESparasitNO,positive
@Candrapangarep Yuyu hidup disawah Kepiting hidup dilaut,neutral
Kabinet Prabowo akan fokus pada pembangunan ekonomi yang berkelanjutan dan stabil. #GerakanLawanJudiOnline,positive
@Ann_Gwynetha @Kadir_Karding @prabowo @gibran_tweet @geminijuni64 @setkabgoid Sosialisasi terus ditingkatkan supaya masyarakat mendapatkan informasi yang benar,neutral
Pengusaha Night Club Surabaya yang arogan Ivan Sugianto pamer foto bersama oknum Kolonel AD @Puspen_TNI @Gerindra @prabowo https://t.co/poZ0pUzZhb,neutral
@DokterTifa @prabowo salahkan SBY dan mulyono jgn malah karna itu bersekutu dgn empire of lies amerika dan barat.. lu islam bukan sih? Masa gak belajar semua konflik yg membunuh jutaan umat islam di timteng aktornya amerika dan sohibnya yahudi israel? Parah lu,neutral
@Kastam67 @Kadir_Karding @prabowo @KemensetnegRI @setkabgoid Sosialisasi sangat diperlukan supaya masyarakat mendapatkan informasi yang benar,positive
@dedy60249916373 @LexWu_13 @prabowo Sy setuju dan serelah itu br masuk penjara,positive
@DokterTifa @prabowo Eh kok kabinet Taman Safari,negative
@JendralKepitin9 @LexWu_13 @prabowo Pak @ListyoSigitP mohon atensinya,neutral
@yesmar_banu @prabowo Lebih baik rapat dua kali daripada kerja dua kali,neutral
@sunflower_mil @bp2mi_ri @Kadir_Karding @prabowo @gibran_tweet @setkabgoid @KemensetnegRI Semoga segera pulih dan sehat kembali Bu Mila,neutral
@AditBandit234 Namanya tuyul ya gitu...kalo ngomong nggak bisa di percaya...masak prabowo di khianati kok di bilang bermoral...kalo bermoral pasti laku waktu nyalon presiden...udah lah...sekarang rakyat itu udah cerdas...yg namanya lumpur mau loe poles seperti apapun tetap lumpur....,negative
@klompokjwacbul @Heraloebss @prabowo Jangan suka nyombongin pengalaman hidup nyokap lo ah...,neutral
@prabowo Ternyata cuma boneka mulyono,negative
Kebijakan transportasi Prabowo akan meningkatkan mobilitas masyarakat. #GerakanLawanJudiOnline,positive
@EVirdhansyah @Kadir_Karding @prabowo Sosialisasi kepada masyarakat terus ditingkatkan,neutral
Lengkapi baju olahraga dengan celana keren ini yuk cek out #prabowo #mees #roysuryo #bichecking #tomlembong #kejagung https://t.co/GWcCD3gYhG,neutral
@BANGSAygSUJUD @prabowo @Kimberley_PS08 @gtobing2903 @99propaganda @florieliciouss @Ndons_Back @are_inismyname @zinnurain_ @zy_zy_lestary @YoYoAyo17845 @Minietweets_ Mustahil karena petaninya susah cari pupuk yang ada mahal harganya,negative
@tatakujiyati Lg bahas soal Impor Gula ZH bos kan situ yang nyuruh gw impor lebih banyak biar bisa bagi dua kok jadi gini? Nama gw masuk ke @KejaksaanRI nih. ML tenang bro kejaksaan kpk polri kan masih pion saya semua @prabowo msh pion saya juga. @erasmus70 @AndovidaLopez,negative
@Dhidot44872621 @Kadir_Karding @prabowo Semangat Pak untuk terus melakukan sosialisasi kepada masyarakat,neutral
Kabinet Prabowo akan bergerak cepat dalam menghadapi tantangan domestik dan global. #GerakanLawanJudiOnline,positive
@DokterTifa @prabowo Ternyata lu begok juga tif lu belajar geopolitik gih.. gw juga gak suka cina tapi minimal politik luar negeri mereka ga mengancam membully double standar ngebom sana sini..ekonomi kita dlm bbrp dekade terakhir tergantung cina? Ya itu benar karna pemerintah yg mengizinkan,negative
@Mdy_Asmara1701 @DPR_RI @prabowo tag @Gerindra atau bawa langsung video ke dewan dari Gerindra,neutral
@pedjoeang_nkri @bp2mi_ri @Kadir_Karding @prabowo @gibran_tweet @KemensetnegRI @setkabgoid Bukti kepedulian BP2MI terhadap PMI pantas diapresiasi,positive
Presiden Prabowo menegaskan dirinya tak akn memberi toleransi pd praktik korupsi di hadapan para pimpinan perusahaan besar AS Prabowo mempersilakan pada para investor AS itu utk menelepon dirinya jk menemukan praktik korupsi Bahlul Kemurahan BI Checking Tom Lembong Song Jaerim https://t.co/3nVn1qEfgo,positive
@DokterTifa @prabowo Nah itu sdh terjadi...contohnya anies yg sekarang jadi gelandangan politik,neutral
@mas_veel Badut2 pendukung prabowo satu ini emang bertolak belakang.. pdahal prabowo suka sama yg religius.. tpi pndukung dongo macam gini malah bertolak belakang.. binaan permadi arya..,negative
@DokterTifa @prabowo Gak bakalan prabowo nanti mirip spt sby jk sudah 1 th berjalan tinggal di istana-jalan ke LN krn bs 3 bhs males dkt dgn rakyat &amp; rakyat dibiarkan tanpa kehadiran pemerintah shg terjadilah otopilot..Mahfud MD bilang otopilot aja bs 5 % pertumbuhan ekonomi begitulah pola pejabat kt,negative
@romoatheist @ST_Burhanuddin @KejaksaanRI @prabowo @setkabgoid Bukankah yg punya perusahaan pasti nga Tahu,neutral
Bangun pagi terus fokus. Fokus habiskan kopi HIP. Jangan pikirkan negara dengan cara berlebihan. Sudah kita percayakan dan serahkan ke pak @prabowo urusan negara #MERDEKA https://t.co/dN88shhUVL,positive
@Ozge_2017 @geloraco @prabowo @Gerindra Presiden tidak benar-benar ingin memberangus Judol. Hanya gimmick,negative
@KompasTV @prabowo ... Kebanyakan omon - omon no action.,negative
Mau nyari nama dan mau nyaingi kinerja prabowo buat ngerebut hati masyarakat supaya jadi no 1 di indonesia,negative
@xquitavee @zy_zy_lestary @gibran_tweet @prabowo @jokowi Lha dapuranmu piye????? Lupa kau hina2 prabowo skr kau jilat2?????,negative
@EkoApan @kompascom @prabowo Semua mah biar wakil rakyat jg dr rakyat la. Bukan dari rakyatnya tp gmn motivasi dan tujuannya menjadi pemimpin atau jadi pejabat negara. Yg secara teori harusnya pentingkan negara dan sejahterakan rakyatnya. Bukan apa2 pajakin/naikin iuran rakyat.,negative
@najwa_fais @bp2mi_ri @Kadir_Karding @prabowo @gibran_tweet @KemensetnegRI @setkabgoid Salut kinerja BP2MI untuk PMI,positive
@tempodotco Apa gunanya angka-angka pertumbuhan diatas kertas. Kalau fakta nya rakyat tetap miskin. Beban kebutuhan hidup semakin berat. PHK massal dimana-mana. Prabowo perlu menunjuk Menkeu Baru ahli Ekonomi Mikro yang sangat paham beban penderitaan rakyat.,negative
@HisyamMochtar Kepada para Menteti kalau tdk berani tegas sungkan atau apalah namanya ! kan sdh dikasih kewenangan kelola kementrian dengan baik dan amanah ! kalau tdk sanggup lebih terhormat mundur@prabowo,positive
@iimfahima tujuan teleponnya kan emang cuma congratulating aja ya dr Prabowo ke Trump. Trump sbg pihak penerima ya mgkin respons-nya reflek aja saya yakin ga ada niat insulting. lagipula durasi telpon 2 menit apa yg mau diharapkan?? this is pretty normal.,positive
@GenZNusantara Prabowo bawa Rp157 triliun buat ekonomi Indonesia makin solid,positive
@hipohan @prabowo PAKEM: pengecut berkumpul dgn pengecut... pengkhianat berkumpul dgn pengkhianat... begundal berkumpul dgn begundal... pakem yg tidak akan pernah berubah selamanya...,negative
@DokterTifa @prabowo Ini ditulis pakai jari? Atau pakai hati yang Hasad ?? Serius tanya,neutral
@pakmul63 @prabowo njenengan presidennya ya pak.. Ga pantes modelan mentri kek gini.. Cuma mengingatkan,negative
@PelatihT1dur P. @prabowo apa tidak tersinggung kalau punya bawahan tetap loyal kepads @jokowi daripada ke Bapak ????? @ZUL_Hasan,negative
@LexWu_13 @prabowo Keren Koh... @LexWu_13 Lanjut...,positive
@alvinlie21 Sebaiknya kasus nya zulhas ini sgr diusut ..supaya kabinet merah putih TDK tersandera SM Mulyono .bisa bersih menteri nya. Rakyat lBH percaya p.prabowo..kesampingkan Mulyono..rakyat mendukungmu jendral...,positive
@geloraco Jika Komandan ragu menunjukkan Komandan atasannya tidak mau. Jika Menteri @meutya_hafid ragu. Menunjukkan atasannya Presiden @prabowo @RahayuSaraswati @TitiekSoeharto,neutral
@GenZNusantara Salut buat Prabowo Rp157 triliun investasi besar buat pembangunan Indonesia,positive
@faridhcrb Apa yang bisa diharapkan dari @ListyoSigitP @prabowo semua sdh jelas tampak ddpn mata..,negative
Press releasenya enak dibaca dan gampang dimengerti ni. Buat kalian yg penasaran kenapa pak Prabowo pengen membawa Indonesia join Brics dan sempet digoreng politisi bahwa kita ga lagi Non-Blok. Artikel ini menjelaskan posisi Indonesia ttp Non-Blok.,positive
@DokterTifa @prabowo Fufufafa sdh selesai Dok?,negative
@LexWu_13 @prabowo Beking ini dia intinya yang harus diberantas dalam tubuh aparat kita di seluruh Indonesia. Mohon pak Presiden @prabowo kami yang rakyat kecil benar-benar merasakannya,positive
Kami mendukung Prabowo karena beliau peduli terhadap kesejahteraan rakyat #GerakanLawanJudiOnline,positive
@LexWu_13 @prabowo semangat koh lex wu.........jangan takut..... buka sekalian beking bekingnya,neutral
Kebijakan ekonomi Prabowo akan didukung oleh tim yang solid dan berpengalaman. #GerakanLawanJudiOnline,positive
@OjolNyambi Pastinya jokowi singkirkan prabowo,negative
@GenZNusantara Kolaborasi ini bukti nyata komitmen Prabowo untuk kesejahteraan jangka panjang,positive
@GenZNusantara Prabowo paham kebutuhan ekonomi bangsa Rp157 triliun ini bakal jadi bukti nyata,positive
@islah_bahrawi Capres Ganjar juga kalah di Jateng. Emang Jateng dah dikusai Prabowo bukan lagi PDIP...?,neutral
@prabowo Si bro malah datang ke negara kebebasan,negative
Cara Prabowo lebih dulu berkunjung ke Beijing daripada ke AS itu juga smart. Dia tahu pasti AS tidak begitu happy dengan dia terpilih sebagai presiden. Nah dia gunakan Beijing sebagai penyeimbang. Lue engga suka gua ya gua temanan dengan Beijing. Kira kira begitu.,positive
Selamat atas pelantikan Pak Prabowo semoga selalu amanah dalam memimpin Indonesia #GerakanLawanJudiOnline,positive
@Boediantar4 @KemenkopUKM @prabowo Beresin dulu tuh para malingÂ² duit negara/koruptor Jgn bisa'nya nguberÂ² rakyat aja. Diduga duit negara abis di gondol dgn alasan proyek pembangunan main nya scr sembunyiÂ² markup anggaran Sudah waktunya transparan sama rakyat. GK usah banyak main sirkus Permainan mu sudah basi,negative
@Kanseulir Esok ada agik narasi nya kalau menyangkut prabowo prabowo cuma bapak nya mas didit hehe,negative
@Lembayung071 @prabowo @jokowi SAID DIDU ITU PADA DASARNYA NGIRI.SIFAT dan HATI DIDU BURUK dan BUSUK DIPENUHI PENYAKIT IRI dan DENGKI. SO ISLAMI TAPI ILMU AGAMANYA DANGKAL. MAKANYA WLOPUN STIAP SUBUH STATUSNYA MERAMEKAN MASJID Ttp TIDAK BISA merubah Sifat buruknya.,neutral
@DokterTifa @prabowo nggak apa apa kucing jalanan. dari pada lu Tifa dulu babi jalanan. ngatain orang lain seenak mulut lu. penampilan berjilbab tapi kelakuan mirip dajal suka fitnah suka adu domba,neutral
@Mdy_Asmara1701 @DPR_RI @prabowo Lihat jaksa kasus vina,neutral
@iso_tenanan @yesmar_banu @prabowo Kalau gak Kepala BNPB ya dari TNI,neutral
@zy_zy_lestary @xquitavee @gibran_tweet @prabowo @jokowi Laah yg masalah kalau nyerang pak anis. Pak prabowo blum sebulan sudah berhasil menangkap beberapa koruptor lama maka wajar presiden sblumnya d serang krna ngapain aja 10 tahun knpa baru skrg ketangkep koruptornya.,positive
Prabowo hadir dengan solusi untuk mempercepat pembangunan di seluruh wilayah. #GerakanLawanJudiOnline,positive
@iimfahima Kenapa ungkapan itu langsung dibilang merendahkan dah? Trump dan Prabowo itu pebisnis multinasional tentunya banyak gaul dengan banyak orang dari berbagai latar belakang. Gue sih melihat itu sebagai basa-basi biasa aja.,positive
@BosPurwa Penetapan TL menjadi tersangka benar2 mencederai kepercayaan rakyat terhadap hukum di pemerintahaan baru Prabowo benar2 mengecewakan.,negative
@pakmul63 Mumpung presiden @prabowo ga ada ya ngga @Gerindra @Fraksi_Gerindra dlm rangka apa?;,neutral
@DBarkeh49017 @NataliusPigai2 Yg gue bingung knp yg terhormat presiden Prabowo bisa mengangkat dia jadi menteri HAM... apakah dari 300 juta penduduk Indonesia ga ada yg profesional mengenai HAM,negative
@LexWu_13 @prabowo Surabaya itu dulu kota paling nyaman setelah era android versi lollipop akhirnya seperti mexico city,neutral
@prabowo Pak si fufufafa supaya ngantor di IKN saja pak biar tenang ngegame dan ny1m3ngnya. https://t.co/d7zYUrcQeC,negative
Gugatan Pangkat Letkol Tituler Deddy Corbuzier Pemberian Prabowo Resmi Dicabut https://t.co/pCCNyW7IRY,neutral
@prabowo Gimana pak @prabowo apa bs dibuat spt jaman pak Harto? BATALIN semua perpres @SBYudhoyono soal rumah dinas bg ex RI1 &amp; @jokowi soal pesangon RI1 &amp; keluarga. BUAT RAKYAT SEJAHTERA SESUAI VISI&amp;MISI ANDA! https://t.co/ag8E1q1IP7,neutral
@prabowo @POTUS Pak Prabowo polisi nyindir aku terus pak,neutral
@_msgjbr @LexWu_13 @prabowo Bukan kak. Hw group punya Ivan Tanjaya.. Sama meresahkan juga sih.. Di depan ada Hotman Paris yg jadi penjaga.. Orang pada ribut gegara maksiat miras gak di Jogja surabaya atau Jakarta. Enjoy aja?,neutral
@LexWu_13 @prabowo Itu palingan ditahan biar reda situasinya kalo udah adem ya dibebasin diem2 alasannya udah bayar jaminan. Gak nyampe pengadilan deh tu potret hukum di negeri ini,negative
pak Prabowo polisi nyindir aku terus pak @prabowo,negative
MENUJU INDONESIA MAJU INDONESIA EMAS BERSAMA BAPAK PRESIDEN KITA @prabowo,positive
Mending @bahlillahadalia ikuti jejak @RafiNagita1717 ngambil gelar doktor dari kampus luar. Kasihan Indonesia kalau kampus terbaiknya di downgrade cuma buat kasih gelar ke elit dengan resiko menurunkan reputasi akademik di dunia internasional. Sekali2 berbuat positif lah @prabowo,negative
@OposisiCerdas Wkwkwkwkwkwkwkwkwkwkwkwkwkwkwk mo jilat Prabowo dengan merendahkan Jokowi? Ya kelaut aja lah he he he,negative
@SimanjuntakElly Dukung ahok kalah dukung prabowo kalah dukung ganjar kalah masuk penjara lagi.. Konstruksi opini boleh tapi jangan SAMPAH2 banget lah,neutral
Dukungan penuh untuk Presiden Prabowo kami optimis masa depan Indonesia akan semakin cerah #GerakanLawanJudiOnline,positive
@jambumete_ @GarliSaferi @grumpycatz97 Itu 2019 tim prabowo membuktikan kecurangan... Ya kalo merasa 'dicurangi' buktikan dong bukan koar2 di sosmed.... Emangnya mk baca?,negative
@DokterTifa @prabowo Maaf Bu dok klo sy jawab masih! Karena masih ikut2 cawe2! Masih diam dengan segala carut marut yg terjadi di segala lini dan sektor!,neutral
Prabowo memiliki pendekatan inklusif dalam memimpin. #GerakanLawanJudiOnline,positive
Video Viral Dukungan Prabowo ke Ahmad Luthfi-Taj Yasin Tengah Didalami Bawaslu https://t.co/imIaplDS8U,neutral
@wibison96993526 @DokterTifa @prabowo Iya bang.. Aku jg eneg liat si dokter gila ini.. Apa aja diurusi.. Dia janda kah bang? Kl janda pantes aja suka tantrum,neutral
@roedh251179 @Adiprayitno_20 @prabowo Jadi fungsinya apa?,negative
@tatakujiyati Mungkin itu hari minggu dimana atribut sebagai menterinya menguap...sama spt prabowo yg klo hari minggu atribut sbg presidennya menguap dan bisa jd jurkam pilkada https://t.co/HTOuQDFaqe,negative
Dulu kalo gak salah di mata najwa beliau (pak prabowo) bilang kalo beliau jika terpilih menjadi presiden gak bakalan tunduk ke pada partai tapi kok sekarang ?,negative
Dukungan penuh untuk Presiden Prabowo semoga setiap kebijakan yang diambil membawa kebaikan bagi rakyat #GerakanLawanJudiOnline,positive
Udah layak di reformasi sih institusi ini @Gerindra pak @prabowo Bahaya kalau ada yg memiliki uang dan Ingin menguasai negara lewat polri... Dan indikasi kearah sana sudah ada... Negara dalam bahaya,positive
@GenZNusantara Prabowo paham kebutuhan bangsa Langkah investasi ini jawab tantangan ekonomi kita,positive
@geloraco Waduh pidana nih pasti pajaknya juga bermasalah.... @DitjenPajakRI @kring_pajak @Gerindra @prabowo,negative
@DokterTifa @prabowo Banyak org/pejabat bangga untk mendapat gelar walupun dgn berbagai cara yg TDK normal shrsnya tujuan UTAMA bukan GELAR tpi ISI OTAK @RosanaRatn10318,neutral
@terlalujujurr @lanicolecky Halah titit prabowo kepilih tuh FPI juga pada nongol lagi politik di indo tuh berdasarkan whim of a leader 01 02 03 kaga ada basis ideologinya. Kemaren mereka mendelep solely gegara dipacung jokowi,negative
Selamat Pak Prabowo semoga segera terwujud Indonesia yang lebih makmur dan kuat di bawah kepemimpinan Anda #GerakanLawanJudiOnline,positive
@yanuarnugroho @univ_indonesia @prabowo Gimmick aja itu pasti tetap diberikan lagian ngapain juga Bahlil butuh Doktor nih banyak tenaga pengajar yg sulit cari gelar S3 malah banyak yg disuruh balikin beasiswa . Bahlil kurang seru ambil asisten utk ngerjakan itu disertasi harusnya yg benar2 top.,neutral
Momen Presiden Prabowo cecar Menlu AS Antony Blinken soal Palestine. #prabowo https://t.co/SPFCeIP3GS,positive
@KompasTV Sudahlah pak Prabowo jangan terlalu banyak omong. Buktikan saja. Tren penegakan hukum di Indonesia sudah menyelaraskan kepada kepentingan penguasa.,positive